{
  "name": "leshan-furniture-system",
  "description": "乐山家具定制报价系统 - EdgeOne部署配置",
  "version": "1.0.0",
  "runtime": "nodejs18",
  "entry": "server.js",
  "environment": {
    "NODE_ENV": "production",
    "MONGODB_USERNAME": "terry07590759",
    "MONGODB_PASSWORD": "Na0E6iNR4p3gGNg1",
    "MONGODB_CLUSTER": "cluster0.zqsy7.mongodb.net",
    "MONGODB_DATABASE": "Leshan20250911",
    "MONGODB_COLLECTION": "price_template"
  },
  "routes": [
    {
      "path": "/api/*",
      "handler": "server.js"
    },
    {
      "path": "/*",
      "handler": "server.js"
    }
  ],
  "caching": {
    "static": {
      "maxAge": 3600
    },
    "api": {
      "maxAge": 300
    }
  },
  "security": {
    "cors": {
      "origin": "*",
      "methods": ["GET", "POST", "PUT", "DELETE"],
      "headers": ["Content-Type", "Authorization"]
    }
  }
}
